Fermín,"Rodríguez Romero",rodriguez@romero.es,1977-01-31
Asier,"Álvarez de Zárate",asier@gmail.com,1977-05-01
Natalia,"García Garrido",natalia@garcia.es,1982-07-13
Adriana,"Herrero García",adriana@gmail.com,2014-11-17
Casimiro,"García Abadillo",casimiro@gmail.com,1981-01-23
"Andrés Mellado	",Fernández,dfernandez@ebay.com,2024-02-07
John,Smith,john@gmail.com,2024-02-14
